path,id
/home/eugenek/code/EC500/assets/att_faces/10th_face_of_all/d969efac1da18d7744340cd3a4404bb455197d7af60eddf56355b1fd403470e1.pgm,0
/home/eugenek/code/EC500/assets/att_faces/10th_face_of_all/5d1a0738cb83aea598064e42d3b7a80e754b01599893cf62f3875c0c405d7218.pgm,1
/home/eugenek/code/EC500/assets/att_faces/10th_face_of_all/5ae550ee340ddbee84f4f269967dc20c0b8e7737a307c8a6243e9570678b90bb.pgm,2
/home/eugenek/code/EC500/assets/att_faces/10th_face_of_all/51481d4ea6e197d1bd6b0aa9fa58c55c89dbf60688314e618ad4a85badd2ad39.pgm,3
/home/eugenek/code/EC500/assets/att_faces/10th_face_of_all/3e0bf5bdd7ca70988c25820010b3708086a9d51753de9d20dc015a5589ffdbe5.pgm,4
/home/eugenek/code/EC500/assets/att_faces/10th_face_of_all/e0a786278beb4e760266130b82a2b361aed98b63b75e272a81cd21a3442a5845.pgm,5
/home/eugenek/code/EC500/assets/att_faces/10th_face_of_all/2a0aaf11d80677e0371520c3b931d7de2ce3cdbd6d639e21de6d796def8868d9.pgm,6
/home/eugenek/code/EC500/assets/att_faces/10th_face_of_all/9d59e05f0d42f138282a8616d9ead522864f86530e8b36fc95c5b255577a5df5.pgm,7
/home/eugenek/code/EC500/assets/att_faces/10th_face_of_all/6fe5a48def3aa92a8338c6cf8dbc0c220bc941be3ac6254ef8ea54fb2f3be1fb.pgm,8
/home/eugenek/code/EC500/assets/att_faces/10th_face_of_all/e6a0764ca8e6699b02d14ac7d4097fbddc29527d67d885697d14d41ee2a3b08f.pgm,9
/home/eugenek/code/EC500/assets/att_faces/10th_face_of_all/edae7d1e833bf058c0d867278093532ff7e46af7352f15c4851fa0ccaabe50ad.pgm,10
/home/eugenek/code/EC500/assets/att_faces/10th_face_of_all/d2c469fdabc360042578ccdfa9282078ad616515acd740fb2673e65e14bfc937.pgm,11
/home/eugenek/code/EC500/assets/att_faces/10th_face_of_all/ea6c0394ceb0588775f3404fb1b053929c3e90106e96e270a7c4b79ebc7e2a0e.pgm,12
/home/eugenek/code/EC500/assets/att_faces/10th_face_of_all/6f10d530a4b3c0d929adda4974c46e701df4e1ae08066a4566e8c524e1a184ad.pgm,13
/home/eugenek/code/EC500/assets/att_faces/10th_face_of_all/cb90667f17abca9564d74491ed6762cd2828861188f964eddc1f551bfd5a0abd.pgm,14
/home/eugenek/code/EC500/assets/att_faces/10th_face_of_all/c6cd04168be568a7c145f9b2ea1d2d2af70324a761c0b5dbc00644e3b4b7d340.pgm,15
/home/eugenek/code/EC500/assets/att_faces/10th_face_of_all/ae761d9c69118563f1c6acdc9bbf075ac1df0e18b17db30ff787aa09fa037377.pgm,16
/home/eugenek/code/EC500/assets/att_faces/10th_face_of_all/3868f44e12b6bb5831742cf1dfe6264ed12553569e4a3773f545fefd2a3411a5.pgm,17
/home/eugenek/code/EC500/assets/att_faces/10th_face_of_all/d6ea8b18dc1c66d70147e4ddf9b148a52ae172c4e998e19a5e6f72954cbe9cc9.pgm,18
/home/eugenek/code/EC500/assets/att_faces/10th_face_of_all/92a7eee50767994d94766c336345ba707e15db664e22b60be6a8607ef0195c8c.pgm,19
/home/eugenek/code/EC500/assets/att_faces/10th_face_of_all/8072c4d5b451fbc362cc7328e2c78105da393c000ef43b37081484506c7d359f.pgm,20
/home/eugenek/code/EC500/assets/att_faces/10th_face_of_all/898cb2455cb63880899cdad7859eeb7a44f0cb12004dd3e53592bbf9b5a499a6.pgm,21
/home/eugenek/code/EC500/assets/att_faces/10th_face_of_all/3900248b619c78e48360aa1d9fd82c124fbde14795de5ec90eb9595f678eaf00.pgm,22
/home/eugenek/code/EC500/assets/att_faces/10th_face_of_all/31668ac70f8dd9125987a0326dc97b829ae276786d0a38d48c8a2b7abdb73ebf.pgm,23
/home/eugenek/code/EC500/assets/att_faces/10th_face_of_all/b0d37fe4d89a25db92ef77937cfed77b46a0a2038fa5eb9f962440ca8ca66c6d.pgm,24
/home/eugenek/code/EC500/assets/att_faces/10th_face_of_all/23eb8901eea3ebc85548540d78118ed283d920afe85ed5f594d354358fc2d751.pgm,25
/home/eugenek/code/EC500/assets/att_faces/10th_face_of_all/ab06473ca37a4424a676920ac957e83d46896a25675310cba70b4b4bcb5a1b03.pgm,26
/home/eugenek/code/EC500/assets/att_faces/10th_face_of_all/5767a1877451c325aadf46ba2a8b918383c00537f1c17eff0beb53bfa29ee386.pgm,27
/home/eugenek/code/EC500/assets/att_faces/10th_face_of_all/2c848c29964dac00c6bceb93f319626204edfeb5efdddda71bf1e26b164bf3fd.pgm,28
/home/eugenek/code/EC500/assets/att_faces/10th_face_of_all/85ec8b6c1597dabfdb114c11873c187d0ce2af4079be16b627f8b47c0481d3b8.pgm,29
/home/eugenek/code/EC500/assets/att_faces/10th_face_of_all/b63bd363d555309aaffd524b9fd11ded2a12839a6c3a4fe26bff49d507120a2c.pgm,30
/home/eugenek/code/EC500/assets/att_faces/10th_face_of_all/5894e6946c934c9eab9823a683f4748c16e518d19a2a56e08d40042e4309cac4.pgm,31
/home/eugenek/code/EC500/assets/att_faces/10th_face_of_all/309979bf404e5e60e2b173ae517488c56f3f352c4276daa9a8c209827ba3f569.pgm,32
/home/eugenek/code/EC500/assets/att_faces/10th_face_of_all/276b652c1b2513d5a4af13c26e8420b927209837f47e72d1d9fb5dbe93b4dadc.pgm,33
/home/eugenek/code/EC500/assets/att_faces/10th_face_of_all/7d25e9cb7d5980f3e712b23ce756ce7e6d41a8f96c47fa845a383ebc9cf9f805.pgm,34
/home/eugenek/code/EC500/assets/att_faces/10th_face_of_all/cedae44d75713eee23aa8cfe8ee9cd973ef09732fdf9791baec46e7a9fa5793e.pgm,35
/home/eugenek/code/EC500/assets/att_faces/10th_face_of_all/95f30b7902d611fcc06222ebeaa30d9bb2076817b364068a8e78b15a404ddbe4.pgm,36
/home/eugenek/code/EC500/assets/att_faces/10th_face_of_all/85945dccb79d2b2fe24e943e6ce5eea9d9fecd0c3e4abf75ca82bbbb039b7e74.pgm,37
/home/eugenek/code/EC500/assets/att_faces/10th_face_of_all/4c5e0408836eaca8261e6ee49895748661a1c60d614eabee89b7f57ce79b40af.pgm,38
/home/eugenek/code/EC500/assets/att_faces/10th_face_of_all/edb65e8b39d93a212ced415880bca8df8c6d3ca356bc5e563b96c0db4131e827.pgm,39
